2.65858e-06,23.5219,2.29768e-06
2.43369e-06,22.3792,5.70333e-06
-6.55218e-06,22.5893,4.32651e-07
-7.20106e-06,23.2545,-3.22506e-06
1.28635e-05,24.3332,8.01367e-06
1.49921e-07,23.4206,1.77492e-06
-1.22352e-05,22.5617,-1.11465e-05
-4.28315e-06,22.8989,-6.09414e-06
7.58303e-06,23.004,-1.99484e-07
8.44516e-06,27.9948,3.4541e-07
1.76745e-06,25.7172,3.9064e-06
-5.67775e-06,24.7843,3.99732e-06
1.00309e-05,23.5795,2.09369e-06
2.74805e-06,24.3423,5.927e-07
7.74203e-06,23.3753,1.60156e-06
1.82129e-06,23.3403,3.76181e-07
-9.37163e-06,24.0288,-1.99447e-06
6.34745e-07,24.5986,-5.10459e-06
-4.39784e-06,23.3899,-4.39784e-06
-0.929347,21.0758,-0.199074
0.0833297,19.4944,-0.0403928
-0.91199,18.1051,-0.179708
-1.66494,16.7739,-0.244603
0.422314,18.3417,-0.0129523
0.8196,21.2186,0.13665
-8.79647e-06,22.5528,1.72838e-06
-0.271632,21.8371,-0.233707
1.00671e-05,23.1264,5.54558e-06
5.05237e-06,22.9269,4.50917e-06
0.41516,22.2131,0.105546
-4.55674e-06,22.6021,-2.65192e-06
-1.02785e-05,23.3278,-3.86537e-06
-1.17733e-05,25.3379,-6.14684e-06
3.99103e-06,28.124,9.99662e-07
1.64044e-06,29.9775,2.2069e-06
-8.90491e-06,31.2237,2.83059e-06
-5.72748e-06,32.6807,-7.01748e-06
7.83879e-06,34.4467,6.423e-07
-1.53719e-05,34.0587,-8.27995e-06
-4.10089e-06,37.2389,-4.98537e-06
-4.87114e-06,38.9373,-3.53306e-06
1.46687e-06,39.0758,-1.29134e-06
2.34636e-06,42.946,2.75788e-06
-6.44865e-06,43.3526,1.11183e-06
-7.16445e-06,45.8537,-4.88434e-06
-9.77139e-07,44.4154,-4.08764e-06
2.54232e-06,37.2998,8.58051e-07
-3.29951e-08,29.9342,-1.77633e-06
5.56017e-06,26.7855,3.07916e-06
-1.74058e-06,26.3913,-7.42353e-06
4.32333,19.9841,0.527637
-9.2168e-06,22.7848,-3.59903e-06
6.72689,19.8686,1.22052
10.3048,15.5856,1.06939
-3.134e-06,48.1654,-7.01181e-06
-8.40836e-06,65.5296,2.71097e-06
3.90998e-05,81.005,3.78886e-05
-180,89.1713,-180
180,82.4884,180
-180,75.3483,-180
180,69.8156,180
-180,65.3552,-180
-180,63.962,-180
180,63.0443,180
-180,61.1867,-180
180,61.1754,180
-180,60.3398,180
180,60.5551,180
-180,60.0614,-180
180,59.5087,180
180,58.9717,180
-180,58.474,-180
180,57.9841,180
-180,57.4847,-180
-180,56.9665,-180
180,56.4239,180
-180,55.8544,-180
180,55.2336,180
-180,54.5891,180
180,53.9772,180
-180,53.2902,-180
180,52.5826,180
-180,51.8474,-180
-180,51.0817,-180
180,50.2993,180
-180,49.4982,180
-180,48.6822,180
-180,47.8557,-180
-180,47.0245,-180
180,46.1954,180
-180,45.3769,-180
180,44.5793,180
-180,43.8146,-180
-180,43.1336,-180
-180,42.485,-180
-180,41.875,180
-180,41.4112,-180
-180,41.0781,-180
-180,40.8991,180
-180,40.9034,180
-180,41.1179,-180
-180,41.5682,-180
-180,42.2779,180
-180,43.2668,180
-180,44.5502,-180
-180,46.1386,-180
-180,48.0375,-180
-180,50.2478,-180
-180,52.7665,-180
-180,55.587,-180
-180,58.7254,-180
-180,61.9833,-180
-180,65.671,-180
-180,69.6362,-180
-180,73.7312,-180
-180,78.0062,-180
-180,82.4253,-180
-180,86.9071,-180
-0.000215912,88.5943,-0.000220817
4.41134e-05,84.1658,4.04109e-05
1.00645e-05,79.8598,7.8675e-06
4.81465e-06,75.7489,3.47425e-06
1.86937e-06,71.8913,1.4873e-06
-1.86994e-05,68.3317,-2.18495e-05
5.50945e-06,65.0992,7.44148e-06
1.50814e-05,62.2057,1.50814e-05
-4.72185e-06,59.6472,-6.52024e-06
6.13965e-06,57.4062,6.76863e-06
2.75298e-06,55.4538,1.56756e-06
-7.32641e-06,53.7539,-1.2567e-05
-3.43279e-06,52.2657,-8.93543e-06
-6.38082e-06,50.947,-9.42343e-06
-1.89388e-06,49.7566,-2.05462e-06
-4.84391e-06,48.6562,-2.42421e-06
-8.58821e-06,47.6128,-1.31207e-05
4.65256e-06,46.6002,4.32768e-06
9.93792e-06,45.6009,1.48282e-05
1.32282e-05,44.6078,1.65001e-05
-2.40853e-06,43.6244,8.75285e-07
-5.00263e-06,43.3025,-5.66019e-06
7.16567e-06,41.1312,1.18074e-05
6.495e-06,39.5353,1.04993e-05
8.72688e-06,40.9527,8.72688e-06
-8.38513e-06,42.4277,-5.08638e-06
3.96289e-06,40.4951,-3.58216e-07
-1.05907e-05,39.5903,-9.25622e-06
3.28615e-06,38.3557,2.95081e-06
-1.95391e-06,33.1015,-5.80658e-07
-6.17769e-06,32.6895,-8.92958e-06
-1.55881e-07,32.3598,-3.60117e-06
-6.81194e-06,30.8716,-5.42379e-06
1.45119e-07,32.0761,3.59512e-06
-5.00015e-06,33.471,-3.28656e-06
-1.71055e-06,35.8182,3.03621e-06
3.85171e-06,36.4947,4.86583e-06
-1.86117e-06,36.9559,-4.22267e-06
-1.28277e-06,35.5768,-3.99813e-06
5.96194e-06,34.9607,1.87754e-06
-7.85405e-06,33.6534,-2.37527e-06
1.1895e-05,35.7953,1.46077e-05
-8.90534e-06,34.6054,-9.9281e-06
-3.71614e-06,35.1127,2.40622e-06
1.71225e-06,32.2447,-4.83742e-06
-6.50625e-06,33.2045,-1.58046e-07
-9.25435e-06,33.3806,-6.34003e-06
-5.8612e-06,31.7559,-3.44245e-06
-7.94906e-06,31.4438,-9.33331e-06
1.1668e-05,33.2047,-8.47651e-08
-3.38651e-06,31.6624,-4.51002e-06
7.28489e-06,28.2608,1.83395e-06
-7.41385e-06,28.2761,-7.15012e-06
5.33787e-06,31.1052,3.25805e-06
5.0017e-06,33.1954,-5.6363e-06
4.97163e-06,30.3092,-4.22533e-07
1.32968e-06,29.5048,2.11589e-06
6.82172e-06,25.2932,-3.71935e-06
-9.11306e-06,27.5899,-3.99579e-06
-9.16468e-07,27.1373,-1.97776e-06
2.32127e-06,26.4831,5.46225e-07
-4.60245e-07,25.1372,-1.02612e-07
2.67075e-06,23.9,2.31062e-06
-3.82071e-07,23.6538,-1.82459e-06
2.72282e-07,25.2994,7.06121e-06
9.67859e-07,25.362,-1.53246e-06
-7.33399e-06,26.0038,-5.19839e-06
-9.81562e-06,26.8572,1.16749e-06
2.34636e-06,29.2522,-1.15241e-06
-3.3219e-06,29.5684,-8.76705e-07
-2.93683e-06,30.1997,-4.32963e-06
1.46921e-06,30.2269,2.16552e-06
4.29125e-07,30.8855,-1.65296e-06
1.88975e-06,28.9717,4.88225e-07
-5.13055e-07,30.1257,-1.90638e-06
1.73943e-05,33.2023,1.05313e-05
-2.46182e-07,27.7244,3.45679e-06
-1.876e-06,28.0426,-3.98845e-06
-6.19313e-06,30.0716,-1.66359e-06
-1.3518e-06,30.3271,3.17193e-06
7.09145e-06,32.8996,7.43509e-06
-6.17883e-07,25.8564,-3.64575e-06
-8.37393e-06,27.5621,-1.08447e-05
5.46638e-06,30.9961,-2.56215e-07
6.1647e-07,31.7686,3.7261e-06
-3.45995e-06,32.0359,-2.76982e-06
-1.99777e-06,33.9267,2.96106e-06
5.57535e-06,34.8573,-3.61887e-06
-1.85732e-06,35.681,1.19604e-06
1.9244e-05,34.3106,9.51469e-06
8.25209e-06,31.5325,5.55556e-07
3.03352e-06,29.8192,4.34178e-06
-1.67391e-06,26.8469,-3.91052e-06
1.0016e-05,27.1572,-2.85077e-06
-4.0712,21.7393,-1.2854
-5.66449,21.3208,-2.88603
-5.72937e-06,23.2695,-3.08008e-07
-2.75324e-06,23.6882,-4.93912e-06
-7.23505e-06,23.8368,-3.27226e-06
-0.954564,21.7503,-1.2944
2.32705e-06,24.347,-2.11824e-06
-4.7674e-06,28.7266,-9.1527e-06
8.93854e-06,26.3009,4.71866e-06
-4.19096e-06,25.2577,-1.37648e-06
-3.327e-06,27.4194,-5.6451e-06
1.0799e-06,27.8341,2.67589e-07
5.52686e-06,28.1333,-3.75502e-07
1.76092e-06,28.0043,-8.42891e-10
-7.05927e-08,28.124,-1.77798e-06
-2.90543e-06,27.1065,-4.65242e-06
-5.70658e-06,27.0647,-3.12974e-06
1.95601e-06,26.6325,-6.33735e-07
-3.17167e-06,25.9332,-2.70155e-06
1.9301e-06,26.0485,-8.68015e-07
2.47836e-06,26.4346,8.01333e-07
-3.07776e-06,25.9765,-3.55751e-06
-4.55406e-06,25.8636,-5.20664e-06
-3.15975e-06,26.4819,-5.12895e-06
1.0307e-06,26.472,-3.04659e-06
8.74823e-07,26.3216,-2.64505e-06
-4.5265e-06,26.6642,-5.67915e-06
-5.68201e-06,26.4608,-9.88715e-06
1.98475e-06,26.6958,-1.87181e-07
-7.86986e-07,25.9128,-1.93321e-06
-3.3396e-06,25.5584,-5.13476e-06
-2.81686e-06,25.6816,-9.83665e-06
-1.27347e-06,26.335,-4.68206e-06
-2.37821e-06,26.921,-3.86131e-06
1.45581e-06,27.1887,5.71641e-07
-6.19279e-07,27.3244,7.28103e-07
-7.46314e-07,27.0402,-4.13094e-06
-5.49516e-07,27.4478,-1.01307e-06
2.10911e-06,27.3126,-5.85824e-07
2.02221e-06,27.7342,-3.80191e-07
1.32105e-06,27.8062,-9.92308e-07
5.46115e-06,28.1739,2.25067e-06
1.84756e-06,27.9487,-4.20044e-07
-8.42929e-07,27.705,-1.74672e-06
-4.75662e-06,27.2927,-8.62272e-06
-5.02963e-06,26.8161,-6.0263e-06
-2.284e-06,26.822,-1.64173e-06
-5.83602e-06,26.1225,-7.26995e-06
-5.22224e-06,25.6502,-7.97492e-06
4.11911e-08,25.7967,-1.52335e-06
3.56625e-06,25.5137,1.46395e-06
-2.61261e-06,25.6797,-2.1279e-06
2.95626e-06,25.6866,2.64428e-06
2.37835e-06,25.7972,1.06716e-07
7.37866e-07,25.0033,6.00858e-07
2.51219e-06,25.1307,-3.81368e-06
-2.07009e-06,23.5303,-1.95732e-06
4.24823e-06,23.7712,6.129e-06
-3.07541e-06,24.5982,-4.60273e-06
-1.76597e-07,23.9076,-2.21913e-06
-1.11095e-06,24.3501,-1.98653e-06
8.28065e-07,24.0775,2.79552e-06
1.0654e-06,24.0131,-1.08272e-06
-1.18957e-06,25.2413,-3.32855e-06
3.17575e-06,24.8842,1.79356e-06
-1.789e-06,25.727,-1.72217e-06
-2.32703e-06,24.825,-1.60492e-06
-4.1872e-06,24.3272,-4.83273e-06
1.3884e-06,25.3551,9.354e-08
-1.92827e-06,25.4237,-1.09139e-06
1.0032e-06,25.9739,6.69459e-07
-5.47121e-07,25.3554,-3.40473e-06
-1.17057e-06,27.8818,-9.50338e-07
3.34143e-06,27.2499,9.59488e-06
1.81223e-06,26.5394,1.52388e-06
2.3876e-06,26.6819,2.32111e-06
-1.18372e-06,26.1613,-3.56198e-06
2.78115e-06,25.971,3.92701e-06
1.01398e-06,26.8801,-6.355e-07
-1.78294e-07,26.6174,-1.79685e-06
1.89556e-06,27.5089,1.12323e-06
-1.81078e-06,28.5004,-3.32274e-06
-1.68986e-06,30.7286,-3.5633e-06
2.4279e-06,31.2624,2.36025e-07
-3.49631e-07,31.2453,-2.09245e-06
1.87412e-06,31.4407,1.63619e-06
-8.13215e-07,31.7017,2.12864e-07
-6.40863e-07,30.8285,-1.94796e-06
-2.29483e-06,31.2253,-5.51692e-06
5.29528e-08,31.3912,-1.09367e-06
1.14197e-06,30.2201,-1.68144e-06
2.21819e-06,29.6748,1.47084e-06
1.79929e-06,27.7912,8.84888e-07
-2.68994e-06,27.4142,-4.6107e-06
4.32964e-06,26.582,2.77731e-06
-3.10306e-06,27.3577,-3.61099e-06
-6.46796e-07,28.1189,-2.80239e-06
1.45291e-06,27.2446,1.01096e-06
7.52995e-06,26.3663,9.2173e-06
3.37137e-06,25.4633,-3.32389e-07
-1.21025e-06,25.4794,-4.86906e-06
-4.9833e-06,24.7563,-6.77526e-06
4.87953e-07,24.7069,9.80878e-07
-7.00788e-06,25.1092,-7.90211e-06
-1.56932e-06,24.8551,-7.12133e-06
-2.1811e-06,24.7021,-3.9736e-06
-1.72991e-07,25.5036,-3.91495e-08
2.33274e-06,25.6705,7.50409e-07
-1.75936e-06,25.7566,-4.34337e-06
1.24671e-06,25.7568,6.60893e-08
-1.23634e-06,26.6118,5.84933e-07
-3.55976e-06,27.0146,-6.12347e-06
-2.01689e-06,26.7205,-6.18291e-06
-1.86878e-06,26.1217,-2.62465e-06
-3.80602e-07,25.8487,-5.25322e-07
-7.12368e-07,25.4277,-1.03595e-06
4.75305e-06,25.8773,3.17251e-06
-1.34869e-06,25.8891,-3.48563e-06
1.50167e-06,26.889,-1.17722e-06
-1.81247e-06,28.5648,-3.87529e-06
-1.65361e-06,28.4725,-1.96098e-06
1.10949e-06,28.7959,-1.25773e-06
1.96581e-06,29.6913,-9.14226e-07
8.34416e-07,30.0993,-1.2123e-06
-8.52663e-07,30.3376,3.21706e-07
2.69331e-06,30.7341,2.95377e-06
3.1867e-07,29.3546,-4.68142e-07
-1.61023e-06,27.479,-4.78832e-06
-2.22411e-06,27.626,-6.81113e-06
-2.81733e-06,27.473,-8.37918e-06
6.36516e-07,27.4196,-3.46982e-06
-4.9028e-07,27.485,-1.21857e-06
-1.00994e-06,27.6257,-3.3255e-06
3.87096e-06,27.5109,3.69443e-06
-2.87512e-06,28.0794,-2.91912e-06
6.09061e-07,28.4098,-2.37785e-06
-2.06255e-07,28.1181,-1.92194e-06
-3.34782e-06,28.4371,-7.56404e-06
1.92398e-07,30.1513,-7.21854e-07
-2.21011e-06,29.926,-2.68955e-06
-2.61441e-06,29.0504,-5.19742e-06
2.19685e-07,28.4121,-4.56809e-06
2.89664e-07,27.7296,9.50892e-07
-1.0684e-06,27.5126,-2.5689e-06
-7.50665e-07,26.8135,-6.17773e-07
1.19318e-06,26.7477,1.73983e-07
-2.23885e-06,26.2946,-6.76982e-06
-2.49371e-06,25.652,-3.74187e-06
7.87541e-08,25.6274,3.46254e-07
-7.00496e-07,25.1905,-2.89035e-06
-1.64677e-06,25.3755,-2.94148e-06
-1.85654e-06,26.141,-4.45736e-06
3.12882e-07,25.8247,-1.02317e-06
-2.08072e-07,26.1245,4.75865e-08
-2.26232e-06,26.1868,-5.25141e-06
-3.91907e-07,25.8775,-5.14278e-07
1.32062e-07,25.6861,-1.40923e-07
8.5835e-07,26.1558,7.47213e-07
-1.55583e-06,26.3953,-4.29735e-06
-8.426e-07,26.1299,-3.27684e-06
5.13416e-08,26.0514,-2.5007e-06
-5.85692e-07,26.0252,-4.19326e-06
-1.74541e-06,26.1608,-4.2112e-06
6.94555e-07,26.3815,1.56036e-06
-1.92791e-06,26.7352,-3.26604e-06
5.22257e-07,27.3734,-2.59137e-06
-2.15633e-06,27.8036,-6.49119e-06
1.10275e-07,27.9585,-1.10327e-06
-5.75602e-07,27.8988,-1.65327e-06
3.02853e-08,28.273,-1.8461e-06
1.59404e-07,28.24,4.14945e-07
2.75516e-07,28.3447,-1.30632e-06
1.68636e-06,28.0468,8.06187e-07
-1.16315e-06,28.1246,-9.10205e-07
-1.10722e-06,28.2623,-1.33801e-06
9.57778e-07,28.124,9.68776e-07
-1.48792e-07,28.2674,-1.02795e-06
-3.71948e-07,28.234,-8.22593e-07
1.01748e-07,27.8133,1.74307e-06
-1.43259e-07,27.847,-1.4649e-06
8.04452e-07,27.4331,1.72058e-06
-1.99171e-06,27.0665,-4.17039e-06
-5.20565e-07,27.14,-2.1567e-06
1.62903e-07,26.6357,-7.01718e-07
-2.7458e-07,26.5502,-2.09334e-06
-9.92154e-07,26.708,-2.10021e-06
-3.55133e-07,26.8099,1.2107e-07
-6.81868e-07,26.9459,-1.01386e-06
-5.22677e-07,27.7199,-2.34115e-06
-9.25664e-07,28.055,-8.43152e-07
1.56764e-10,28.313,-1.09028e-06
-9.16414e-07,28.6219,-3.54243e-07
-1.14748e-06,28.5097,-3.21638e-06
-2.99918e-06,28.4028,-8.58885e-06
-2.74252e-06,28.3002,-3.45671e-06
3.25002e-06,27.7459,4.92498e-06
-1.05695e-07,27.7156,-2.21076e-06
-2.53201e-06,27.5837,-4.49516e-06
5.18282e-07,28.3011,3.09519e-07
-4.82219e-08,27.9298,-2.18394e-06
-2.73829e-06,28.0549,-3.69543e-06
-3.73944e-07,28.013,4.42103e-08
-6.08287e-07,28.0159,-4.54232e-07
2.92077e-07,28.297,9.40353e-07
1.64818e-07,28.1693,-2.19362e-06
1.86451e-06,27.7564,4.43192e-06
1.28996e-06,27.2978,-1.6979e-06
6.67081e-07,27.4922,-1.53978e-06
-2.2405e-07,27.6518,-6.87099e-07
-1.96904e-06,27.4362,-4.91607e-06
-4.53965e-07,28.2624,6.01047e-07
3.21242e-06,28.3031,6.62949e-06
-8.2627e-07,28.3037,-1.74921e-06
-1.42224e-06,28.4622,-3.00311e-06
-2.00538e-06,28.2321,-2.28566e-06
-2.24226e-06,27.7532,-4.18162e-06
-9.87183e-07,27.8011,-2.65615e-06
-5.14208e-08,28.4159,-2.15976e-06
-3.17391e-07,28.4026,-1.03669e-06
5.88748e-07,27.8689,3.25925e-06
9.92032e-07,28.3616,2.2315e-07
-1.39165e-06,28.5623,-5.03455e-06
-2.38695e-06,28.5512,-8.51549e-06
-2.00499e-06,27.8844,-3.42547e-06
-1.50691e-06,28.2111,-1.83669e-06
-1.31046e-06,28.0585,-2.60313e-06
1.47646e-06,28.3399,3.66802e-06
-1.65431e-06,28.4667,-7.82396e-06
1.61491e-07,28.9089,-1.08372e-06
-1.24217e-06,29.5134,-5.13483e-06
-1.92679e-06,29.2498,-4.42516e-06
-4.19552e-06,29.1952,-7.64063e-06
-1.26354e-06,28.9732,-1.90407e-06
-3.26445e-06,28.6964,-5.441e-06
7.72769e-07,28.4136,4.43338e-07
3.46757e-08,28.1288,-3.59446e-06
-8.18627e-07,28.7614,-4.0522e-06
-9.85571e-07,29.2512,-1.66346e-06
-2.40274e-07,29.604,2.01485e-06
-2.31108e-06,29.1714,-4.21979e-06
-1.42497e-06,29.4038,-2.06682e-06
-8.67979e-07,29.2609,-1.21237e-06
-7.49151e-07,30.054,-4.02546e-06
1.17933e-07,29.8575,-3.86195e-07
-2.97688e-07,29.8829,-1.94339e-06
2.27096e-07,30.2973,-3.24506e-06
6.62561e-07,30.1454,1.63942e-06
-2.11853e-06,29.9167,-6.27566e-06
-2.3774e-07,30.1984,1.16732e-06
1.21324e-07,30.0243,-7.83642e-07
-1.98843e-06,29.8655,-6.62758e-06
-2.67201e-06,29.9953,-7.08687e-06
-4.35153e-08,29.9392,1.90305e-06
-3.25006e-06,29.8736,-4.73031e-06
-2.44146e-06,30.0202,-4.98454e-06
-1.13321e-06,29.9764,-2.58205e-06
-2.25999e-06,29.8808,-3.0883e-06
1.00061e-07,29.7451,-8.70597e-07
-1.90726e-06,29.3583,-4.75393e-06
-8.92826e-07,28.819,-3.04608e-06
1.27201e-06,28.6385,3.25726e-06
-1.00868e-06,28.8073,-6.62288e-08
2.66403e-08,28.9363,5.30405e-07
1.27192e-06,28.6315,1.96294e-06
-1.2377e-06,28.4007,-2.28097e-06
-1.09689e-06,28.1084,-8.65917e-07
-8.82376e-07,28.4234,-1.31062e-06
-9.06447e-07,28.6849,-4.83762e-06
1.07999e-06,28.7463,3.35463e-06
-1.12984e-06,28.7522,-2.25891e-06
-1.35458e-06,28.4167,7.37281e-07
1.68525e-06,28.6669,4.87106e-06
2.31842e-06,28.8028,5.38145e-06
-1.14782e-06,28.447,-3.44246e-06
7.43521e-07,28.6628,-1.61676e-06
-1.01722e-06,28.8922,-5.01813e-06
-7.87682e-07,29.0345,-2.82909e-06
1.81323e-06,29.3303,3.55645e-06
-5.86283e-07,29.644,-7.55417e-07
-7.93746e-07,29.7387,-1.94985e-06
7.2846e-07,29.8181,1.49162e-06
6.61824e-07,29.9654,-4.16695e-07
6.02068e-07,29.9702,-2.49724e-06
-2.9428e-07,29.6266,5.56921e-07
6.16079e-07,28.9902,-2.30713e-06
-1.47009e-06,28.8952,-3.99492e-06
-5.01966e-07,29.01,-1.30112e-06
8.90352e-07,29.1637,4.69426e-06
1.12344e-07,29.1476,8.56232e-07
1.57485e-06,28.8223,1.84058e-06
1.78796e-06,28.9273,2.23152e-06
7.58601e-07,29.2786,-5.17476e-08
-1.17452e-06,29.3709,-1.9558e-06
1.86828e-06,29.3536,2.07864e-06
-2.0366e-06,29.3269,-6.0969e-06
-7.53341e-07,28.7084,-1.65241e-06
-2.40194e-06,27.4658,-4.65876e-06
7.87613e-07,27.516,2.76802e-06
-7.67564e-07,26.9987,-9.11386e-07
4.07828e-07,26.8035,3.30304e-07
-2.78753e-07,26.5667,-2.57418e-06
-1.92539e-07,26.92,-1.03371e-06
-9.89959e-07,27.62,-2.01546e-06
1.31334e-07,27.6149,8.72255e-08
-4.31888e-07,26.8352,-1.06305e-06
-1.55607e-07,26.3199,-1.10498e-06
8.74723e-08,25.7909,-9.10579e-07
-2.82785e-07,25.7373,-1.5972e-06
8.64032e-07,23.563,3.75057e-06
-5.35477e-07,23.0441,-1.15748e-06
4.35896e-07,22.6985,-9.46587e-07
-0.103412,21.6987,0.0119073
-1.40641,20.772,-0.260279
-1.73897,20.176,-0.316045
-3.02154,19.5624,-0.584145
-5.46044,18.0857,-0.980738
-5.69495,17.593,-1.01217
-5.53235,17.7494,-1.02927
-5.52203,18.4865,-1.10057
-6.2683,19.5994,-1.21528
-6.49623,19.6215,-1.23491
-6.35312,19.9451,-1.14738
-6.65666,19.5339,-1.17334
-6.79728,19.1919,-1.20634
-6.68105,18.2695,-1.16139
-6.78963,17.2449,-1.16401
-7.28661,16.1662,-1.26573
-7.20609,15.8197,-1.28068
-5.68037,16.0236,-1.10934
-5.40849,15.3267,-1.04861
-4.12764,15.1696,-0.740374
-3.33665,14.9587,-0.526325
-2.7566,14.9262,-0.337382
-1.64553,15.1913,-0.207313
-1.36315,14.8554,-0.181697
-1.51535,14.6438,-0.210267
-1.45768,14.3576,-0.203616
-2.23894,14.816,-0.435016
-2.82656,14.1147,-0.503315
-3.98316,13.8271,-0.659453
-4.61183,13.9014,-0.823184
-4.65125,13.9456,-0.874803
-5.08259,14.1679,-1.04264
-5.32646,14.5152,-1.1487
-7.40198,15.176,-1.75441
-9.43668,15.4462,-2.31269
-11.6835,15.7287,-2.95252
-12.9133,14.9207,-3.22796
-15.9766,15.3645,-4.24077
-14.8534,14.4917,-3.7924
-1.9432e-06,25.2048,-7.13252e-06
-2.02291e-06,27.1006,-7.07091e-07
-3.10949e-06,28.7284,-8.7007e-06
-1.33413e-06,30.4837,-8.33626e-07
-3.01532e-06,31.3785,-7.7752e-06
5.40364e-06,31.8319,1.21391e-05
-7.51496e-06,33.6892,-1.30356e-05
5.45968e-06,35.2317,5.20472e-06
2.11722e-07,36.7914,-1.05428e-06
2.23473e-06,35.3033,6.75883e-06
-1.40197e-07,37.9478,-2.86954e-06
3.72811e-07,39.2646,-3.7195e-06
1.5685e-06,40.3196,1.48534e-06
3.4087e-06,38.5857,5.94224e-06
-1.56753e-07,39.711,1.07806e-06
2.14579e-06,40.5854,6.25507e-06
2.73411e-06,43.2334,-2.59002e-06
6.4826e-06,43.2583,1.03772e-05
-3.4885e-06,45.3668,-6.54751e-06
-3.80716e-06,49.2079,-1.11337e-05
-1.6589e-05,50.1336,-2.23686e-05
2.83293e-06,51.4394,-1.00456e-06
-4.93111e-06,53.8302,-1.15995e-05
-4.92097e-06,55.8269,-7.92101e-06
4.32439e-06,56.5473,6.68832e-06
-8.69524e-06,59.0732,-1.62118e-05
2.36361e-06,60.1791,-6.03926e-07
1.72008e-05,64.2756,1.53431e-05
-2.12485e-05,70.738,-2.63386e-05
1.18684e-05,76.52,9.63148e-06
-1.66611e-06,79.6033,-8.32581e-07
-0.000107142,84.0144,-0.00011689
0.000169705,88.8922,0.000165705
179.999,88.8261,179.999
-180,87.9897,-180
-180,87.6569,-180
-180,87.6103,-180
180,86.6457,180
-180,86.742,-180
-180,86.5321,-180
180,87.0013,180
180,88.0451,180
-180,88.4543,-180
180,89.0085,180
-180,89.5199,-180
-0.000207624,88.6824,-0.000212454
0.000339867,88.286,0.000338848
-0.000211864,87.226,-0.000216808
3.479e-05,86.2502,3.90182e-05
-2.32027e-05,85.2785,-2.99247e-05
-6.58033e-05,82.389,-7.29125e-05
1.94455e-05,80.222,1.06598e-05
7.62927e-06,77.9467,3.15217e-06
3.74771e-06,74.5271,3.11942e-06
5.46598e-06,70.7222,2.30853e-06
-6.25693e-06,68.2971,-1.19813e-05
-1.03487e-05,64.0649,-1.15103e-05
2.47512e-05,61.1037,2.30367e-05
-8.63793e-06,57.6499,-1.79097e-05
-2.00009e-05,55.2132,-2.44294e-05
-1.76136e-05,53.3246,-2.60407e-05
2.40009e-06,51.5654,4.47793e-06
-5.11801e-06,50.7756,-1.14067e-05
-1.01504e-05,48.5721,-1.34784e-05
-8.84912e-06,46.6802,-1.3117e-05
1.17173e-05,47.633,1.63709e-05
-3.52938e-06,45.7622,-9.59804e-06
-2.67894e-06,43.4578,-7.73096e-06
-8.61984e-06,42.6935,-1.41396e-05
1.63045e-05,42.0109,2.34083e-05
-1.17384e-05,43.9684,-1.62479e-05
3.30221e-06,42.8684,-1.22593e-06
4.38222e-06,41.7022,7.60757e-06
3.81158e-06,41.0861,2.56805e-06
4.44159e-06,40.0212,3.77553e-06
-1.53794e-06,37.3783,-2.54816e-06
2.91247e-06,36.0997,3.08179e-06
6.967e-06,33.6323,1.12477e-05
-2.42858e-06,31.7061,-1.08962e-05
-1.12906e-06,29.4733,-2.61436e-06
7.18617e-07,28.3896,1.97061e-06
1.81851e-06,26.0703,8.80116e-06
2.32474e-06,25.4553,5.44854e-06
1.24084,22.1042,0.478943
1.83591,20.8617,0.700883
2.62205,19.7758,0.808239
1.94302,18.3062,0.867215
2.26607,17.85,0.896851
3.17595,15.6034,1.12117
2.731,15.5795,1.16977
2.62573,15.6365,1.18247
2.54658,15.1629,1.1055
1.78677,14.7142,0.930919
1.81733,14.5394,0.915319
1.80837,14.5507,0.914837
2.80267,14.1407,0.917431
3.89167,14.0543,1.07198
4.60451,14.2572,1.11736
4.60225,14.7132,1.08108
4.48308,15.9333,0.968661
3.67338,17.1746,0.826076
2.65894,18.4677,0.568666
1.80687,19.7045,0.345713
-2.71092e-07,22.5858,-2.99251e-06
-3.05348e-06,23.0342,-2.69156e-06
-1.42417e-06,23.2866,-5.65871e-07
7.02068e-07,23.9905,-2.08746e-06
-2.21703e-06,24.6875,-1.25024e-05
6.95102e-07,27.1321,3.79062e-06
2.88611e-06,28.8055,1.90254e-07
-8.29748e-07,30.1908,-4.2031e-06
-1.34899e-06,31.6787,-7.14969e-06
2.35697e-06,31.1371,5.97443e-06
2.33472e-06,31.8329,-7.76841e-06
-1.05894e-05,32.2237,-2.12768e-05
6.46434e-06,33.6509,5.52266e-06
2.72837e-06,28.777,-5.47e-06
6.08538e-06,30.1837,4.73599e-06
-2.12299e-06,30.7277,-8.33072e-06
4.45718e-06,33.0968,1.32437e-06
-1.50792e-07,34.0402,-4.92599e-07
1.01379e-05,36.2263,1.00533e-05
4.15191e-06,38.3515,6.41548e-06
5.2462e-06,39.4888,3.24365e-06
6.90021e-06,41.1492,3.50207e-06
-6.67161e-06,43.5748,-1.32405e-05
-2.23269e-06,45.1699,-5.08978e-06
7.66954e-06,44.5705,-2.39295e-06
1.72389e-06,46.4794,-4.37013e-06
-1.86472e-05,49.2381,-2.12233e-05
-5.52668e-06,51.1094,-7.84751e-06
3.0636e-06,53.8305,1.55528e-06
8.90703e-06,55.4307,2.26828e-06
1.717e-05,56.7398,1.31534e-05
6.56554e-06,58.9725,7.70083e-07
-7.49301e-06,64.1297,-1.7791e-05
2.07466e-06,71.4434,-8.54511e-08
-1.58733e-05,77.3232,-1.48862e-05
-8.31028e-05,84.4835,-8.46894e-05
-180,88.8078,-180
180,86.5612,180
180,82.554,180
-180,79.6538,-180
-180,76.8659,-180
180,75.1604,180
180,72.3733,180
180,71.8581,180
180,71.3119,180
-180,70.8448,-180
180,70.8471,180
180,70.7958,180
180,70.7425,180
-180,70.7564,-180
-180,69.7271,180
-180,69.784,-180
-180,70.9643,-180
180,71.1019,180
-180,72.6904,-180
180,73.841,180
-180,75.2457,-180
180,75.7804,180
180,77.767,180
-180,79.6393,-180
-180,82.9834,-180
180,85.677,180
180,88.9763,180
-0.000600597,89.4408,-0.000603163
-0.00014747,84.3647,-0.000150341
2.83206e-05,80.7115,2.01437e-05
-1.18973e-05,74.1431,-1.32688e-05
4.80002e-06,72.3145,4.03631e-06
1.85217e-05,68.9934,1.79077e-05
2.26102e-05,64.8437,2.29581e-05
1.27919e-05,60.5018,1.68497e-05
6.25568e-06,56.2989,7.70453e-06
8.84243e-06,52.9967,6.79334e-06
1.12076e-05,50.6422,1.00254e-05
-1.19016e-05,48.7325,-2.34326e-05
-1.63963e-07,47.058,-6.12416e-06
-7.39998e-06,47.3259,-1.39623e-05
-1.24093e-06,48.7738,-4.54657e-06
7.76947e-06,47.6823,1.23009e-05
1.34976e-05,46.9007,1.34165e-05
1.13709e-05,44.9291,1.52109e-05
-1.41771e-06,42.2433,-6.03925e-06
-8.91364e-07,39.3413,-1.22532e-06
-1.79913e-06,37.7365,2.65582e-06
6.56219e-07,34.8852,-1.4718e-06
8.99929e-07,32.5932,4.59947e-06
3.11301e-06,30.2216,1.31662e-05
-4.31756e-07,29.7047,2.53536e-06
2.75142e-06,26.2281,4.2845e-06
1.77561e-07,24.5871,-1.1901e-06
7.33659e-07,23.4301,6.69166e-06
0.526257,21.4954,0.285441
1.39879,19.5266,0.534444
3.2617,16.989,0.992818
1.51492,18.0139,0.682428
3.4578,14.6102,1.05741
3.08151,14.5087,1.05034
3.69121,13.8241,0.979544
3.57558,13.6721,0.926875
3.02498,15.0695,1.16912
3.41266,14.6134,1.24776
3.18688,14.5252,1.2363
3.7453,13.8775,1.25867
2.81686,14.4628,1.13611
2.68406,14.5575,1.09131
2.2298,15.1144,1.01423
0.152106,17.7508,0.641785
0.551689,17.8811,0.694301
0.913842,17.7038,0.750732
-0.53162,20.428,0.278856
2.07695e-06,22.6894,9.26701e-06
6.93057e-07,23.8994,4.30557e-06
1.78491e-06,26.1261,-3.63945e-06
3.65372e-06,28.2074,4.9069e-06
7.40859e-06,32.714,1.46314e-05
-3.15472e-06,33.6722,-7.47744e-06
1.87962e-06,35.8383,-3.20573e-06
1.88085e-06,39.0648,-3.63581e-06
-1.10921e-06,41.9757,-4.08328e-06
1.41345e-05,44.1356,2.20826e-05
2.1221e-06,45.4064,4.24271e-06
-1.93105e-06,44.8387,-8.87801e-06
2.56026e-06,41.3261,1.19367e-06
-1.85214e-06,41.6072,2.03626e-06
6.68118e-06,44.4199,1.2411e-05
3.87672e-06,46.9396,4.70824e-06
-7.04848e-06,48.9659,-7.43121e-06
6.99662e-06,50.5475,8.96826e-06
7.75189e-06,52.5841,4.30603e-06
2.43935e-05,53.9579,2.77464e-05
3.92369e-06,54.6727,1.54777e-06
-2.94056e-06,57.0694,-4.51437e-06
-1.64309e-05,59.1704,-2.06188e-05
3.47608e-06,61.5326,-2.40187e-06
-5.38405e-06,65.1415,-4.95903e-06
1.78871e-05,71.7257,1.60909e-05
1.06368e-05,78.2087,6.99532e-06
1.03637e-05,82.6024,4.84334e-06
2.0318e-05,85.9333,2.00914e-05
-180,89.1663,-180
180,87.2866,180
-180,83.7917,180
-180,81.5228,180
-180,77.8274,-180
-180,74.5005,-180
-180,71.4102,-180
-180,67.9032,-180
-180,63.6059,-180
180,61.1614,180
-180,60.7127,-180
-180,60.1408,-180
180,59.9723,180
-180,59.9077,-180
180,60.8057,180
-180,61.0898,180
-180,61.5104,-180
-180,61.9719,180
180,61.9466,180
180,61.9334,180
180,62.139,180
-180,61.9948,-180
-180,62.1368,-180
180,62.4491,180
-180,62.7577,-180
-180,64.6194,-180
-180,65.7417,-180
180,69.1504,180
-180,72.0511,-180
-180,77.2652,-180
-180,80.8877,-180
180,84.2234,180
180,88.6086,180
-179.997,89.7288,-179.997
-9.87289e-05,87.5801,-0.000108541
-1.92017e-05,85.1987,-2.40356e-05
-2.75731e-05,82.0413,-3.33222e-05
-2.03432e-05,77.6406,-2.73265e-05
-1.2005e-05,71.4226,-2.07221e-05
2.82728e-05,65.3592,2.37155e-05
1.22968e-05,59.2621,1.19055e-05
-3.77649e-06,57.6642,-3.54078e-06
-6.45258e-06,53.6947,-5.65842e-06
-2.61644e-06,53.7425,-5.87206e-06
1.40153e-06,52.3036,1.40153e-06
-7.41479e-06,50.814,-1.01382e-05
1.02285e-05,52.1147,1.02285e-05
1.07894e-05,50.5436,1.33548e-05
9.79595e-06,48.1567,1.30276e-05
-5.04233e-06,45.2072,-1.10006e-05
-5.13951e-06,41.4489,-5.13951e-06
1.88207e-06,37.637,-3.07932e-06
2.46355e-08,35.1602,-1.3356e-06
-1.06497e-06,32.4573,-4.42255e-06
3.76606e-06,31.1277,8.74843e-06
6.04921e-07,28.0703,5.06022e-06
-2.07265e-06,23.6993,-5.23474e-07
-5.73881e-07,24.3555,-6.35618e-07
-0.19156,22.012,-0.0274828
2.22868,19.0849,0.706842
4.15055,16.1628,1.04809
5.74693,12.9252,1.20255
4.36137,13.8851,1.23959
4.70137,11.8199,1.14477
4.07543,10.8078,0.955627
3.05612,11.5541,1.02627
1.92914,11.4147,0.962092
2.05483,11.6094,1.00696
1.61209,11.5047,0.935065
1.40124,11.4492,0.827689
2.16114,11.9122,0.878617
3.83223,11.98,1.20303
3.92801,11.9099,1.19578
3.8187,11.8384,1.18837
4.35249,12.1707,1.25721
3.08679,12.7911,1.08848
2.78637,12.5973,1.03768
2.65584,12.5729,1.02517
3.48489,12.471,1.17237
3.19642,12.4381,1.12786
4.47202,10.975,1.0856
4.46643,10.6035,1.08029
5.06403,9.99829,1.03881
5.25976,9.9498,1.04769
5.6226,10.084,1.07739
5.3789,9.90867,1.02631
5.62441,10.0378,1.0735
5.51834,10.3142,1.08683
3.94172,10.8526,0.999638
3.76836,10.571,0.984392
4.16267,10.3115,1.06617
4.07981,10.7213,1.12829
4.0333,10.6847,1.14662
2.40865,11.0104,1.03171
4.28645,13.494,1.90228
5.50665,12.6318,2.11672
9.16659,11.419,2.84199
10.8316,13.117,3.94446
13.545,13.6552,5.19089
17.6482,12.3197,5.99938
7.53334e-06,24.5777,3.30306e-07
2.18504e-06,25.9433,-1.68701e-06
4.60561e-06,28.0741,-1.04866e-06
9.03627e-07,26.9352,-1.53943e-06
1.59896e-06,27.0726,-2.24956e-06
5.12786e-06,27.2875,2.12327e-06
-8.48474e-06,30.4172,-7.61519e-06
-1.05192e-05,29.5661,-8.07398e-06
2.33291e-06,27.2243,5.64915e-07
-8.16142e-07,22.6259,2.4488e-06
0.951597,22.0531,0.214081
-1.57152,21.0851,-0.734704
0.0227414,20.6264,-0.544967
-4.02351,20.3953,-2.09336
-4.80288,21.4637,-2.73395
-6.21335,20.9931,-3.454
4.79635e-06,22.4422,4.43319e-06
-2.39032e-06,23.7934,2.11397e-06
1.05026e-05,26.1137,4.18856e-06
7.51656e-06,27.535,6.23687e-06
7.99398e-07,29.1519,-2.43863e-06
-5.07056e-06,32.5875,-8.59813e-06
-4.84954e-06,34.8736,-6.89255e-06
4.63926e-06,36.8287,-2.55131e-07
-9.24918e-06,37.7579,-8.57679e-06
-1.20921e-05,37.5507,-7.7177e-06
-4.98213e-06,37.8458,-5.3182e-06
-3.16026e-07,37.1546,7.09943e-06
1.03645e-06,39.0755,3.67796e-07
-5.12925e-07,40.7478,-3.83349e-06
-7.65079e-06,42.369,-1.02904e-05
-3.48273e-06,46.9147,-8.02608e-06
-1.82674e-06,50.6838,-8.6513e-07
6.20451e-06,61.8196,3.71476e-06
-1.02409e-05,65.7054,-1.2711e-05
2.46582e-06,83.5518,-3.8076e-06
-180,41.0725,-180
-180,30.183,-180
-180,31.8958,180
-180,32.843,-180
180,32.5642,180
180,29.9995,180
-180,30.2805,-180
180,30.8987,180
-180,48.1952,-180
-180,74.8102,-180
3.19045e-05,85.1881,3.28109e-05
-6.53872e-06,68.5716,-2.39138e-06
7.91439e-06,54.9781,9.89265e-06
-7.07193e-06,44.0149,-8.38355e-06
1.21634e-06,35.5666,-3.19633e-06
1.42152e-06,29.3684,3.7251e-07
-0.139243,21.8738,0.0826831
-0.419483,21.5394,0.0857004
-1.46437,17.9507,0.136559
-1.42796,17.9971,0.136946
0.978125,16.182,0.17372
0.469823,15.8716,0.173968
-2.13334,-9.36739,-2.71865
0.853329,-4.81354,-1.38307
0.853329,-4.81354,-1.38307
0.853329,-4.81354,-1.38307
0.746806,-3.09614,-0.875212
0.746806,-3.09614,-0.875212
0.69637,-2.48371,-0.697272
0.599786,-1.59933,-0.443735
0.599786,-1.59933,-0.443735
0.599786,-1.59933,-0.443735
0.599786,-1.59933,-0.443735
0.468828,-0.827997,-0.226598
0.468828,-0.827997,-0.226598
0.468828,-0.827997,-0.226598
0.392964,-0.534673,-0.145296
0.392964,-0.534673,-0.145296
0.392964,-0.534673,-0.145296
0.240438,-0.177037,-0.0474931
0.222581,-0.145642,-0.0390068
0.222581,-0.145642,-0.0390068
0.220636,-0.1442,-0.0386139
0.201734,-0.116987,-0.0312817
0.201734,-0.116987,-0.0312817
0.134988,-0.0502528,-0.0133712